INSERT INTO `addon_account` (name, label, shared) VALUES
	('society_cardealerluxe','Concessionnaireluxe',1)
;

INSERT INTO `addon_inventory` (name, label, shared) VALUES
	('society_cardealerluxe','Concesionnaireluxe',1)
;

INSERT INTO `jobs` (name, label) VALUES
	('cardealerluxe','Concessionnaireluxe')
;

INSERT INTO `job_grades` (job_name, grade, name, label, salary, skin_male, skin_female) VALUES
	('cardealerluxe',0,'recruit','Recrue',10,'{}','{}'),
	('cardealerluxe',1,'novice','Novice',25,'{}','{}'),
	('cardealerluxe',2,'experienced','Experimente',40,'{}','{}'),
	('cardealerluxe',3,'boss','Patron',0,'{}','{}')
;

CREATE TABLE `cardealerluxe_vehicles` (
	`id` int NOT NULL AUTO_INCREMENT,
	`vehicle` varchar(255) NOT NULL,
	`price` int NOT NULL,

	PRIMARY KEY (`id`)
);

CREATE TABLE `vehicleluxe_categories` (
	`name` varchar(60) NOT NULL,
	`label` varchar(60) NOT NULL,

	PRIMARY KEY (`name`)
);

INSERT INTO `vehicleluxe_categories` (name, label) VALUES
	('AlfaRoméo', 'AlfaRoméo'),
	('AstonMartin', 'AstonMartin'),
	('Audi', 'Audi'),
	('Bentley', 'Bentley'),
	('BMW', 'BMW'),
	('bugatti', 'bugatti'),
	('Chevrolet', 'Chevrolet'),
	('Citroen', 'Citroen'),
	('Dodge', 'Dodge'),
	('Férrari', 'Férrari'),
	('Fiat', 'Fiat'),
	('Ford', 'Ford'),
	('Honda', 'Honda'),
	('Jaguar', 'Jaguar'),
	('Jeep', 'Jeep'),
	('Koenigsegg', 'Koenigsegg'),
	('Lamborghini', 'Lamborghini'),
	('Lexus', 'Lexus'),
	('Maseratti', 'Maseratti'),
	('Mazda', 'Mazda'),
	('McLaren', 'McLaren'),
	('Mercedes', 'Mercedes'),
	('Mini', 'Mini'),
	('Mitsubishi', 'Mitsubishi'),
	('Mustang', 'Mustang'),
	('Nissan', 'Nissan'),
	('Opel', 'Opel'),
	('Pagani', 'Pagani'),
	('Peugeot', 'Peugeot'),
	('Porsche', 'Porsche'),
	('Renault', 'Renault'),
	('RolsRoyce', 'RolsRoyce'),
	('Seat', 'Seat'),
	('Tesla', 'Tesla'),
	('Toyota', 'Toyota'),
	('Volkswagen', 'Volkswagen'),
	('Volvo', 'Volvo')
;

CREATE TABLE `vehicleluxes` (
	`name` varchar(60) NOT NULL,
	`model` varchar(60) NOT NULL,
	`price` int NOT NULL,
	`category` varchar(60) DEFAULT NULL,

	PRIMARY KEY (`model`)
);

INSERT INTO `vehicleluxes` (name, model, price, category) VALUES
	('TZ3 Stradare', 'tz3', 699000, 'AlfaRoméo'),
	('155', '155q4', 19500, 'AlfaRoméo'),
	('Giulia', 'giulia', 48185, 'AlfaRoméo'),
	('One77', 'one77', 1400000, 'AstonMartin'),
	('Vantage V12', 'vgt12', 196525, 'AstonMartin'),
	('Vantagge', 'vantage', 120811, 'AstonMartin'),
	('Vanquish', 'ast', 265868, 'AstonMartin'),
	('TTS', 'tts', 80800, 'Audi'),
	('A62015', 'a615', 71379, 'Audi'),
	('A6Avant', 'a6avant', 51150, 'Audi'),
	('A6TFSI', 'a6tfsi', 84520, 'Audi'),
	('A8LW12', 'a8lw12', 132300, 'Audi'),
	('A4', 'aaaq4', 51970, 'Audi'),
	('SQ7', 'sq72016', 37950, 'Audi'),
	('S8Plus', 'S8plus', 156400, 'Audi'),
	('R82020', 'r820', 147520, 'Audi'),
	('RS7', 'rs7', 139000, 'Audi'),
	('RS5', 'rs5r', 82223, 'Audi'),
	('RS32018', 'rs318', 62900, 'Audi'),
	('A8LFSI', 'a8lfsi', 133000, 'Audi'),
	('YTT', 'yAudiTTmk1', 77770, 'Audi'),
	('RS62020', '2020rs6', 129150, 'Audi'),
	('RS4', 'rs4avant', 95500, 'Audi'),
	('A8', 'a8audi', 96320, 'Audi'),
	('Contgt13', 'contgt13', 95000, 'Bentley'),
	('Bentayga', 'bbentayga', 169320, 'Bentley'),
	('M7 60I', '17m760i', 184200, 'BMW'),
	('X6M', 'rmodx6', 79800, 'BMW'),
	('E36', 'bmwe36', 7990, 'BMW'),
	('M5 bmci', 'bmci', 138850, 'BMW'),
	('507', 'bmw507', 170000, 'BMW'),
	('Mtech E39', 'mteche39', 60000, 'BMW'),
	('M4 ZA', 'z4bmw', 98300, 'BMW'),
	('M5 E6060', 'm5e60', 27500, 'BMW'),
	('M5 F90', 'm5f90', 125900, 'BMW'),
	('440I', '440i', 67100, 'BMW'),
	('M6 F13', 'm6f13', 89900, 'BMW'),
	('M3 E30', 'm3e30', 250000, 'BMW'),
	('I8', 'i8', 157200, 'BMW'),
	('M3 F80', 'm3f80', 54450, 'BMW'),
	('Bmw325', '325et', 123470, 'BMW'),
	('M4 F82', 'f82', 100150, 'BMW'),
	('M5 E34', 'e34', 128850, 'BMW'),
	('Bugatti Divo 2019', 'bdivo', 6000000, 'bugatti'),
	('Bugatti Chiron 2017', 'chiron17', 2500000, 'bugatti'),
	('Bugatti Mansory Chiron', 'centuria', 4000000, 'bugatti'),
	('Bugatti Veyron 2009', 'bug09', 1850000, 'bugatti'),
	('Bugatti Chiron SuperSport300+ 2020', 'bcss', 4700000, 'bugatti'),
	('Bugatti Centodieci 2020', 'bugatticentodieci', 8000000, 'bugatti'),
	('Bugatti Veyron', 'bugatti', 1100000, 'bugatti'),
	('Tahoé', 'tahoe', 69990, 'Chevrolet'),
	('Camaro', 'zl12017', 94810, 'Chevrolet'),
	('Xantia', 'xantiafn', 3980, 'Citroen'),
	('2CV', 'cit2cv', 15000, 'Citroen'),
	('Challenger', '16challenger', 102745, 'Dodge'),
	('Charger', '16charger', 91400, 'Dodge'),
	('F60', 'f60', 300000, 'Férrari'),
	('FC Turbo', 'fct', 443513, 'Férrari'),
	('F8 Turbo', 'f8t', 328040, 'Férrari'),
	('Pista Spider', '488', 291770, 'Férrari'),
	('F458 Italia', 'f458', 236596, 'Férrari'),
	('F430', 'f430s', 78000, 'Férrari'),
	('Aperta', 'aperta', 8300000, 'Férrari'),
	('F812', 'f812', 287424, 'Férrari'),
	('Pista', '4881', 605000, 'Férrari'),
	('Abarth', 'yFiat595ssA', 23769, 'Fiat'),
	('Punto', 'punto1', 15000, 'Fiat'),
	('Cortina', 'cortina', 23831, 'Ford'),
	('Focus RS', 'focusrs', 21200, 'Ford'),
	('F150Raptor 2017', 'raptor2017', 83565, 'Ford'),
	('GT ', 'fgt', 291649, 'Ford'),
	('GT 2017', 'gt17', 30000, 'Ford'),
	('F150Raptor', 'RAPTOR150', 50000, 'Ford'),
	('F150', 'f150', 54990, 'Ford'),
	('CivicEK9', 'ek9', 60000, 'Honda'),
	('AP2', 'ap2', 10478, 'Honda'),
	('NSXNA1', 'na1', 82091, 'Honda'),
	('Civic', 'civic', 21175, 'Honda'),
	('CivicFK8', 'fk8', 38910, 'Honda'),
	('XF', 'xfr', 51641, 'Jaguar'),
	('Type F', 'ftype', 64490, 'Jaguar'),
	('XJS80', 'jagxjs80', 18990, 'Jaguar'),
	('Type E', 'etype2', 80000, 'Jaguar'),
	('Wrangler', 'jeep2012', 34795, 'Jeep'),
	('Trailcat', 'trailcat', 56900, 'Jeep'),
	('Chirokee', 'cherokee1', 20110, 'Jeep'),
	('Regera', 'regera', 210000, 'Koenigsegg'),
	('Argera', 'KoenigseggAgeraR', 2500000, 'Koenigsegg'),
	('Urus', 'urus', 212416, 'Lamborghini'),
	('Huracan LP610 ', '610lb', 262947, 'Lamborghini'),
	('Veneno Roadster', 'rmodveneno', 330000, 'Lamborghini'),
	('Aventador LP700 ', 'lp700', 8500000, 'Lamborghini'),
	('Centenario LP770', 'lp770', 3350000, 'Lamborghini'),
	('Aventador LP750-4', 'rmodlp750', 3757000, 'Lamborghini'),
	('Hurican LP640-4', '18performante', 234048, 'Lamborghini'),
	('Gallardo', 'gallardosuperlb', 200000, 'Lamborghini'),
	('RX450H', 'rx450h', 45990, 'Lexus'),
	('GS350', 'gs350', 99400, 'Lexus'),
	('IS350', 'is350mod', 41640, 'Lexus'),
	('GX460', 'gx460', 74400, 'Lexus'),
	('Granturismo 2010', 'mgrantur2010', 67300, 'Maseratti'),
	('Levante', 'levante', 78150, 'Maseratti'),
	('Ghibli', 'ghis2', 73400, 'Maseratti'),
	('MLNovitec', 'mlnovitec', 133000, 'Maseratti'),
	('MX5', 'mx5326', 37700, 'Mazda'),
	('RX7', 'fd', 27950, 'Mazda'),
	('720S', '720s', 249175, 'McLaren'),
	('Senna', 'senna', 990000, 'McLaren'),
	('P1', 'p1', 1300000, 'McLaren'),
	('MP412C', 'mp412c', 203360, 'McLaren'),
	('V250', 'v250', 53893, 'Mercedes'),
	('E500', '500w124', 60000, 'Mercedes'),
	('300SL', 'mb300sl', 62414, 'Mercedes'),
	('S500W22', 's500w222', 125800, 'Mercedes'),
	('GLS63', 'gl63', 146000, 'Mercedes'),
	('Brabus 700', 'brabus700', 209000, 'Mercedes'),
	('AMGGT Roadster', 'amggtr2', 176050, 'Mercedes'),
	('Brabus 850', 'brabus850', 367990, 'Mercedes'),
	('CLA45', 'cla45sb', 74500, 'Mercedes'),
	('AMGGT', 'amggt', 107800, 'Mercedes'),
	('63W205', 'c63w205', 50000, 'Mercedes'),
	('CLS63', '12cls63', 119500, 'Mercedes'),
	('E400', 'e400', 78050, 'Mercedes'),
	('G65', 'g65amg', 266500, 'Mercedes'),
	('McJCW20', 'mcjcw20', 44900, 'Mini'),
	('Cooper', 'cooperworks', 20600, 'Mini'),
	('EVO9', 'evo9', 12345, 'Mitsubishi'),
	('EVOX', 'evo10', 81000, 'Mitsubishi'),
	('Triton Hpe', 'tritonhpe', 26895, 'Mitsubishi'),
	('Coupé', 'modmustang', 24990, 'Mustang'),
	('Boss 302', 'boss302', 40302, 'Mustang'),
	('GT', 'mgt', 49900, 'Mustang'),
	('Fasback', 'fastback', 54900, 'Mustang'),
	('ST', 'mst', 48990, 'Mustang'),
	('GT-R', 'gtr', 105500, 'Nissan'),
	('Qashqai1.6', 'qashqai16', 30400, 'Nissan'),
	('SkylineGTR', 'skyline', 27000, 'Nissan'),
	('350Z', '350z', 27650, 'Nissan'),
	('Titan 2017', 'nissantitan17', 68500, 'Nissan'),
	('GT-RNismo', 'nismo20', 212500, 'Nissan'),
	('Astra', 'astraj', 15000, 'Opel'),
	('Huayra ', 'bc', 26000000, 'Pagani'),
	('208 GTI', '208gti21', 15225, 'Peugeot'),
	('205 GTI', 'yPG205t16B', 35000, 'Peugeot'),
	('205 GTI Rally', 'yPG205t16A', 45000, 'Peugeot'),
	('206 CC', '206cc', 16769, 'Peugeot'),
	('206 GTI', '206', 30000, 'Peugeot'),
	('308 CC', '308cc', 24300, 'Peugeot'),
	('718 Cayman', '718caymans', 58010, 'Porsche'),
	('Macan', 'ursa', 137000, 'Porsche'),
	('911TurboS Cabriolet', '911tbs', 234814, 'Porsche'),
	('918 Spyder ', '918', 120000, 'Porsche'),
	('CayeneS 2018', 'pcs18pcs18', 94464, 'Porsche'),
	('718RSK Spyder', '718', 299900, 'Porsche'),
	('718 Boxter Spyder', '718b', 96500, 'Porsche'),
	('356 Speedster ', '356ac', 425000, 'Porsche'),
	('911 R', 'p911r', 515200, 'Porsche'),
	('PanameraTurbo2017', 'panamera17turbo', 99900, 'Porsche'),
	('Taycan', 'taycan', 86254, 'Porsche'),
	('911 CarreraS', '992c', 123935, 'Porsche'),
	('901', 'p901', 155000, 'Porsche'),
	('Master2019', 'master2019', 24999, 'Renault'),
	('Clio 4', '17cliofl', 24000, 'Renault'),
	('R16', 'renault16', 2200, 'Renault'),
	('Capture', 'rencaptur', 24000, 'Renault'),
	('R4', 'renault4', 4500, 'Renault'),
	('Clio Williams', 'clio', 35999, 'Renault'),
	('Espace', 'pacev', 24000, 'Renault'),
	('Twizy', 'twizy', 15000, 'Renault'),
	('RS', 'mers18', 34000, 'Renault'),
	('Rols', 'wraith', 411990, 'RolsRoyce'),
	('Ibiza', 'ibiza', 16190, 'Seat'),
	('Model X', 'teslax', 111990, 'Tesla'),
	('Apex', 'ae86', 13600, 'Toyota'),
	('Yaris', 'yaris08', 19000, 'Toyota'),
	('CelicaGT', 'celica', 27000, 'Toyota'),
	('GT86', 'GT86', 38200, 'Toyota'),
	('Camry', 'camry55', 42800, 'Toyota'),
	('Prius', 'prius', 20000, 'Toyota'),
	('Supra', 'supraa90', 53900, 'Toyota'),
	('Passat', 'vwstance', 33000, 'Volkswagen'),
	('Polo 2018', 'polo2018', 15037, 'Volkswagen'),
	('GolfGTI', 'golfgti', 43210, 'Volkswagen'),
	('Touareg R50', 'R50', 21420, 'Volkswagen'),
	('Golf7', 'golf7r', 17790, 'Volkswagen'),
	('Golf 4', 'golf4', 34000, 'Volkswagen'),
	('Fox', 'fox', 44000, 'Volkswagen'),
	('Club GTR', 'clubgtr', 24000, 'Volkswagen'),
	('242', 'v242', 15000, 'Volvo'),
	('S60', 's60pole', 51684, 'Volvo')
;
